,video_id,video_title,video_date,view_count,like_count,comment_count
0,Hwybp38GnZw,I Built Willy Wonka&#39;s Chocolate Factory!,2022-06-04 20:00:02+00:00,72184676,3955922,167574
1,hD1YtmKXNb4,"$10,000 Every Day You Survive Prison",2022-04-09 20:00:00+00:00,71950015,3163669,155042
2,LnlKwzc_TNA,"Would You Swim With Sharks For $100,000?",2022-03-19 20:02:32+00:00,65759316,2554696,101023
3,3jS_yEK8qVI,World’s Most Dangerous Escape Room!,2022-01-29 21:00:01+00:00,105450397,3613436,143352
4,00NgUctWoLQ,"Extreme $1,000,000 Hide And Seek",2021-12-18 21:00:00+00:00,67451827,3093434,136564
5,x9TQ6culXIA,"$1,000,000 Influencer Tournament!",2021-12-16 21:00:00+00:00,53922528,2741547,92027
6,QbJJwaVdgIs,I Got Hunted By The Military,2021-12-10 21:30:02+00:00,73805261,2906973,96680
7,0e3GPea1Tyg,"$456,000 Squid Game In Real Life!",2021-11-24 21:00:01+00:00,262715148,13889547,609509
8,cV2gBU6hKfY,I Cleaned The World’s Dirtiest Beach #TeamSeas,2021-10-29 19:59:43+00:00,64837254,4518593,180479
9,qIsgdOVGA04,"Last To Take Hand Off Lamborghini, Keeps It",2021-10-23 20:00:01+00:00,85381250,3296423,126721
10,cExLQ1o2pDw,"First To Rob Bank Wins $100,000",2021-09-26 20:00:06+00:00,73172882,2716859,122575
11,uocETPj4Jx4,"Extreme $500,000 Game Of Tag!",2021-09-04 20:00:07+00:00,74305641,3039461,101139
12,zxYjTTXc-J8,"Last To Leave Circle Wins $500,000",2021-08-31 20:01:03+00:00,158517843,4220419,106941
13,hxwpkM5w3Cc,I Got Hunted By The FBI,2021-08-07 23:00:03+00:00,93931820,2871130,91162
14,ktyJIj6i4Qw,"If You Can Carry $1,000,000 You Keep It!",2021-07-24 20:00:59+00:00,79667339,2321177,72969
15,urtFrxDUV6c,"Would YOU Quit School For $100,000?",2021-07-10 20:00:09+00:00,70041963,2233505,80745
16,nM89Wl03Q4g,I Survived 50 Hours In A Maximum Security Prison,2021-06-26 20:00:02+00:00,107332912,2523969,97518
17,NZlClr_ivb4,"Hit The Target, Win $300,000",2021-06-12 20:00:01+00:00,100138873,2703571,85821
18,E6E22XQPhhg,Anything You Can Fit In The Triangle I’ll Pay For,2021-06-01 20:00:02+00:00,82499928,2408794,87398
19,TQHEJj68Jew,I Got Hunted By A Real Bounty Hunter,2021-04-24 20:00:00+00:00,98635962,3052149,126519
20,WcwGleN38zE,"Extreme $100,000 Game of Tag!",2021-04-17 20:00:00+00:00,101762088,2619856,119481
21,fMfipiV_17o,"Would You Sit In Snakes For $10,000?",2021-04-10 21:00:07+00:00,145927386,3702096,137715
22,ayXxwJJId_c,"I Bought The World&#39;s Largest Mystery Box! ($500,000)",2021-04-03 20:00:01+00:00,127295843,3460070,168441
23,9bqk6ZUsKyA,I Spent 50 Hours Buried Alive,2021-03-27 20:00:04+00:00,180057414,5864836,238032
24,DuQbOQwVaNE,"Offering People $100,000 To Quit Their Job",2021-03-13 21:00:02+00:00,89973352,2797996,118955
25,vJH28ICkCdU,I Sold My House For $1,2021-03-06 21:00:02+00:00,91456554,2926123,116805
26,_uwNDiU04zE,"If You Press This, I’ll Pay...",2021-02-13 21:00:01+00:00,45426783,2723466,153308
27,C680oxL__ck,"I Ate $100,000 Golden Ice Cream",2021-01-22 21:00:03+00:00,123629977,3881982,166611
28,5Fg9oZk-5uA,I Bought Everything In 5 Stores,2021-01-09 21:01:25+00:00,86127302,3889914,188247
29,PKtnafFtfEo,"Youtube Rewind 2020, Thank God It&#39;s Over",2021-01-01 21:00:03+00:00,60381870,4811015,293593
30,f0c7pSCoZqE,"I Put 1,000,000 Christmas Lights On A House (World Record)",2020-12-23 21:00:06+00:00,59721856,2236028,109958
31,dg2Ag3e8W-Q,I Opened A Restaurant That Pays You To Eat At It,2020-12-19 22:00:03+00:00,111801680,3865629,729173
32,LeYsRMZFUq0,"I Gave People $1,000,000 But ONLY 1 Minute To Spend It!",2020-12-15 21:00:11+00:00,104706738,4638944,173795
33,Dc2ZRmuH5OM,"Steal This $100,000 Diamond, You Keep It",2020-11-28 21:00:04+00:00,118661324,2680986,94376
34,GLoeAJUcz38,"Press This Button To Win $100,000!",2020-11-14 21:00:02+00:00,175359880,3090263,88006
35,SZQhgExjBvQ,I Survived 24 Hours Straight In Ice,2020-10-29 20:17:44+00:00,96305150,3018067,190194
36,IoZri9hq7z4,I Uber’d People And Let Them Keep The Car,2020-10-24 20:00:01+00:00,72790752,2740714,83798
37,1V_03efSkg0,"$300,000 Influencer Trivia Tournament!",2020-10-18 00:19:57+00:00,53276931,2078321,117688
38,vp5sSqyZ5Go,I Filled My Brother’s House With Slime &amp; Bought Him A New One,2020-10-10 20:00:31+00:00,110728989,2860272,117675
39,AKJfakEsgy0,Hi Me In 5 Years,2020-10-04 20:00:54+00:00,62026977,4345692,205535
40,Vl3swga-Xrk,"Would You Rather Have A Giant Diamond or $100,000?",2020-09-26 20:40:02+00:00,97095038,2216183,73677
41,UE5AHE2Ypr8,"I Gave My 40,000,000th Subscriber 40 Cars",2020-09-19 20:00:02+00:00,101948141,3392311,181861
42,TDiXxsQ0w2Q,Why I Haven’t Been Uploading,2020-09-17 20:00:05+00:00,34809179,2208911,98065
43,oD155zWANQg,"Get This Random Person 1,000,000 Subscribers",2020-09-05 20:00:17+00:00,45587348,1862656,122943
44,s1ax8Tx_Jz0,Would YOU Rather Have A Lamborghini or This House?,2020-08-22 20:00:01+00:00,141453278,3263500,154461
45,NkE0AMGzpJY,"Last To Leave $800,000 Island Keeps It",2020-08-15 20:00:02+00:00,143727522,4016492,227538
46,FbM1yi4mMMc,I Bought A Private Island,2020-08-13 20:00:07+00:00,90349588,2992808,129113
47,5V2B28OqfqM,"I Spent $1,000,000 On Lottery Tickets and WON",2020-08-08 20:00:02+00:00,68105938,2337843,84295
48,Rj_vssRaZlQ,I Ate The World’s Largest Slice Of Pizza,2020-08-01 20:00:02+00:00,124539153,2979525,129589
49,YQDDm9HLkV4,I Adopted EVERY Dog In A Dog Shelter,2020-07-23 20:00:11+00:00,128598200,3650453,200865
50,erQ_9yEz0ls,"I Bought The World&#39;s Largest Firework ($600,000)",2020-07-03 21:00:20+00:00,124474991,3966968,175225
51,OAbP-V6fEVc,I Broke Into A House,2020-06-25 20:00:00+00:00,85169755,2477840,187711
52,_qAJMXfL6o0,"Would You Rather Have $100,000 OR This Mystery Key?",2020-06-13 20:00:01+00:00,137279604,3033393,119242
53,59AYXzCa-Cs,I Built The World&#39;s Largest Lego Tower,2020-06-06 20:00:01+00:00,91133845,2384355,74205
54,r7zJ8srwwjk,I Spent 50 Hours In Solitary Confinement,2020-05-30 20:10:08+00:00,182979907,3425724,110238
55,YSoJPA8-oHc,If You Click This Video I&#39;ll Give My Friend .001$,2020-05-23 21:01:02+00:00,132124875,5276501,156258
56,5Hg_QSIJm8I,"I Gave $200,000 To People Who Lost Their Jobs (Corona Virus)",2020-05-07 19:59:59+00:00,36801027,1325300,67326
57,gsWPpE4Rid0,Videos I Could Not Upload...,2020-04-30 20:00:08+00:00,73882197,2422614,61924
58,Ih2WTyY62J4,"$250,000 Influencer Rock, Paper, Scissors Tournament",2020-04-26 01:36:25+00:00,44099118,1591897,56672
59,HBMmK1c44sE,I Spent 24 Hours In A Doomsday Bunker,2020-04-11 20:00:00+00:00,115860521,2246826,79145
60,oBYbxw8f5OI,"Giving $1,000,000 Of Food To People In Need",2020-03-27 20:00:05+00:00,29836771,1378523,66952
61,AiGKBNGlzHo,I Ran A Marathon In The World&#39;s Largest Shoes,2020-03-21 20:00:02+00:00,73593818,2111554,61760
62,_mdKvblL_8s,"$70,000 Extreme Hide And Seek - Challenge",2020-03-13 20:00:04+00:00,81064574,1910093,67863
63,yXWw0_UfSFg,Anything You Can Fit In The Circle I’ll Pay For,2020-03-07 21:00:00+00:00,165569349,3934573,110251
64,F4Y3Pkn95GI,"I Ate A $70,000 Golden Pizza",2020-02-29 21:00:22+00:00,148947278,3120751,107526
65,i6OUv48w1bk,"Surprising My Girlfriend With 100,000 Roses For Valentines Day",2020-02-14 21:00:04+00:00,72380111,2386120,93669
66,KSKJKLmAqpI,"Lamborghini Race, Winner Keeps Lamborghini",2020-02-08 21:00:02+00:00,82559790,1975582,55431
67,IYVjOfoU3uI,I Gave My Credit Card To Random People,2020-02-01 21:00:01+00:00,114552799,3019407,96176
68,oI6aXhowFDY,I Went Back To Boy Scouts For A Day,2020-01-25 21:00:01+00:00,74615470,1564708,45099
69,LdMx2U5tby0,"$60,000 Extreme Hide And Seek - Challenge",2020-01-17 21:00:01+00:00,87800029,1930555,48842
70,Z9WQy9jEY8M,"Giving 10,000 Presents To Kids For Christmas",2019-12-23 21:00:04+00:00,51342828,2658326,175695
71,bs0SWXbty18,"Spending $1,000,000 In 24 Hours",2019-12-21 21:00:01+00:00,113170058,3235268,122644
72,yeqARWqjkps,"Last To Take Hand Off $1,000,000 Keeps It",2019-12-19 21:00:12+00:00,91347033,2725286,300691
73,wMuYiLby3-s,"Last To Stop Riding Bike Wins $1,000,000 (Part 4)",2019-12-14 20:59:57+00:00,41065105,1058911,94211
74,NbaWrbJDr48,"Last To Leave Toilet Wins $1,000,000 (Part 3)",2019-12-07 21:11:07+00:00,54380729,1279490,48048
75,sfv1QaRzJg8,I Ordered Pizza And Tipped The House,2019-12-05 21:00:02+00:00,92978362,3287777,103535
76,RwnN2FVaHmw,"Last to Stop Swinging Wins $1,000,000 (Part 2)",2019-11-30 21:00:03+00:00,66197098,1467169,80783
77,X1jMMFOqxEw,"$50,000 Game Of Extreme Hide And Seek - Challenge",2019-11-28 21:00:01+00:00,99516015,2261897,50244
78,ORUX1lHbOa8,I Opened A FREE BANK,2019-11-23 21:00:17+00:00,71246583,1997074,91265
79,LU_xVr4b2qM,"Going Around A Ferris Wheel 1,000 Times Straight",2019-11-16 21:00:47+00:00,59807711,1530258,46743
80,tQ4m4zD7BBA,"Last To Fall Wins $1,000,000 (Part 1)",2019-11-14 21:00:31+00:00,91237781,2127146,53340
81,D9lVNzyhYnc,Surviving 24 Hours Straight In The Bermuda Triangle,2019-11-09 21:00:55+00:00,122595394,2572754,92305
82,jokVbbLqV_E,"I Spent $100,000 On Lottery Tickets And Won!",2019-10-31 20:00:02+00:00,43710224,1179691,30968
83,HPJKxAhLw5I,"Planting 20,000,000 Trees, My Biggest Project Ever!",2019-10-25 19:01:01+00:00,69271138,3747609,166077
84,Ims5p6wjW9s,"Last To Take Hand Off Boat, Keeps It",2019-10-19 20:06:01+00:00,74906261,1415974,57382
85,anFxsa5jXrE,"I Searched 100 Dumpsters, Here&#39;s What I Found",2019-10-12 20:10:01+00:00,86540042,1518147,52027
86,QxGVgXf_LNk,"Going Through The Same Drive Thru 1,000 Times",2019-10-05 20:00:08+00:00,155291381,3478504,126596
87,al6130OD1Ck,"Donating $100,000 To Random Streamers",2019-09-28 20:29:58+00:00,38060811,1177443,41986
88,d1010B3sKNQ,Surviving 24 Hours Straight In A Rain Forest,2019-09-21 21:00:00+00:00,80305015,1747873,70927
89,NS3hse9ezik,"Last To Leave Ramen Noodle Pool Wins $20,000",2019-09-13 20:00:05+00:00,46574517,1096026,43492
90,npDey6_9YRs,"Anything You Can Carry, I&#39;ll Pay For #2",2019-09-06 20:00:00+00:00,51471169,1217669,33204
91,0NGWT9COcEI,"I Gave My Brother 24 Hours To Spend $100,000",2019-08-31 20:00:01+00:00,52082087,1637643,55643
92,3LLnjRLrvLU,I Opened A Free Car Dealership,2019-08-29 20:00:00+00:00,95721924,2824618,138281
93,bTrV5v7GLcQ,"Last To Leave Pool Of $20,000 Keeps It",2019-08-24 20:00:01+00:00,106304812,2230962,80233
94,lBYC4_Lccjw,Surviving 24 Hours On A Deserted Island,2019-08-22 20:00:07+00:00,117433583,2412083,75382
95,gL6iSCSHjco,"Last To Leave Roller Coaster Wins $20,000 - Challenge",2019-08-17 20:00:00+00:00,88097640,2044029,65173
96,UQtltNZ_pjs,I Won Every Prize At A Theme Park,2019-08-15 19:59:59+00:00,100085036,2022304,66254
97,0DaMUhgcAqo,Destroying My Friend&#39;s Car And Surprising Him With A New One,2019-08-10 20:00:00+00:00,76118893,2062733,61007
98,TOcGSwJBPMQ,I Spent 24 Hours Straight At Area 51,2019-08-02 21:00:01+00:00,84378763,2319522,91904
99,ws694xrKopA,"Can 50,000 Magnets Catch A Cannon Ball?",2019-07-20 20:00:02+00:00,44433312,1080778,42067
100,UtnsWzaoRtg,World&#39;s Largest Game Of Dodgeball,2019-07-12 20:05:00+00:00,51939884,1202141,57228
101,6wsFjjhZPJI,"Last To Leave Revolving Door Wins $50,000",2019-07-02 20:00:01+00:00,105511701,2666277,176288
102,Rmf6T_Ewt38,Tipping Waitresses With Real Gold Bars,2019-06-21 20:00:01+00:00,53771787,1404772,85462
103,n6qc4LHN2KQ,I Opened The World&#39;s First FREE Store,2019-06-15 20:00:00+00:00,59357217,1767484,76388
104,2eFSU7TFOnk,Spending 24 Hours On Top Of A Mountain,2019-06-13 20:00:01+00:00,113550246,2496565,109581
105,RCvnytndd9c,"Last To Leave VR Wins $20,000",2019-06-08 20:00:01+00:00,90250326,2077531,91489
106,AA-VpIj8F5Y,"Last To Stop Running Wins $20,000",2019-06-06 20:00:00+00:00,89048260,1938964,67270
107,YyhKdOCwD7s,24 Hours In The Most Haunted Place On Earth,2019-05-30 20:07:01+00:00,59116854,1911346,118773
108,ha4tRQwKIUg,I Bought Everything In A Store - Challenge,2019-05-18 20:05:02+00:00,105910896,3525020,183221
109,xRwy_rKc7gI,World&#39;s Largest Bowl Of Cereal,2019-05-15 21:05:01+00:00,103365167,1984294,81275
110,H1WBdh56Vq4,Spending 24 Hours In A City With No Laws,2019-05-07 21:00:01+00:00,95057607,1800708,63281
111,xhIYirjB4Yc,"Giving $10,000 To Random People And Saying Nothing",2019-04-30 20:00:06+00:00,52399995,1257057,49148
112,HfJMs4mrSJM,Molten Lava Vs Giant Ice Block Experiment,2019-04-27 20:00:02+00:00,66085161,1356183,42418
113,tYHTVjfShOA,"Anything You Can Carry, I&#39;ll Pay For Challenge",2019-04-20 20:00:03+00:00,74544007,1512387,93019
114,JTQcIR2ZxU4,Homeless Man Buys A Lamborghini,2019-04-18 20:05:00+00:00,90010939,2423403,73260
115,xpNeg0hPZIs,Playing Battleship With Real Ships,2019-04-06 20:05:58+00:00,32446553,904306,35647
116,9yrdFAJUSaU,"Donating $100,000 To Shroud In Real Life",2019-04-04 21:05:59+00:00,30505038,858461,21470
117,i2O6GMpNWGo,"Last To Leave The Tesla, Keeps It Challenge",2019-03-29 21:05:00+00:00,76819872,1458450,44521
118,Y6jC6VaO3j0,"Donating $100,000 To Streamers With 0 Viewers",2019-03-24 20:00:04+00:00,64960406,2406420,70711
119,Ooke4YZv8Ts,Surviving 24 Hours Straight In A Desert,2019-03-16 20:05:00+00:00,95694714,2074951,89452
120,ZV7rU6lnAKQ,"$200,000 Youtuber Battle Royale",2019-03-12 22:00:00+00:00,45772897,1613427,146250
121,iUzi5JmJNWc,Surprising Strangers With 100 Zombies - Experiment,2019-03-03 22:04:59+00:00,52654570,1567578,57359
122,9cCpZl8euLI,I Gave A Homeless Man A Home,2019-02-28 22:06:00+00:00,67262616,1987588,114765
123,2nd73lyvq4w,Giant Monopoly Game With Real Money,2019-02-15 22:05:00+00:00,65068024,1515969,67290
124,nuM0Z4a7kMs,I Spent 24 Hours Straight In Insane Asylum,2019-02-10 21:05:00+00:00,97508010,2018201,136228
125,qPBtTPJHS0Q,I Advertised Pewdiepie At The Super Bowl,2019-02-04 22:00:01+00:00,40747283,1231030,67654
126,A-vX1AGBGsc,I Went Back To 1st Grade For A Day,2019-01-31 22:05:00+00:00,131611260,2485685,136747
127,IiW2smvEcBM,I Opened The World’s Cheapest Store,2019-01-26 21:05:00+00:00,38365424,1124844,86247
128,q6Qw8mUVTrE,I Put 10 Million Legos in Friend&#39;s House,2019-01-18 22:04:59+00:00,49412912,975944,60325
129,dBxOYE2j55U,Make This Video The Most Liked Video On Youtube,2019-01-16 22:05:01+00:00,100879292,19763823,278428
130,984NGLLYDUg,"20,000 Magnets Vs A Car",2019-01-14 22:05:00+00:00,27562358,690616,24348
131,7zi0bi-RDj4,"Eating A $10,000 Golden Steak (24k Gold)",2019-01-11 22:05:00+00:00,103248966,1782961,90273
132,XaxhLbxZ13k,Last To Take Hand Off House Keeps It!,2019-01-08 21:05:00+00:00,60205005,1151209,43975
133,L8nh1wuXTbI,"I Gave Him One Hour To Spend $100,000!",2019-01-01 21:05:01+00:00,66219999,1370574,69879
134,9-HphHIJS9c,"How I Gave Away $1,000,000",2018-12-25 21:05:01+00:00,14105254,488068,35144
135,rPXmbM2UEbU,"Giving $100,000 To A Homeless Person",2018-12-23 21:00:01+00:00,29275172,1003014,73140
136,sESRuTyfsEk,I Spent 24 Hours Straight In Prison - Challenge,2018-12-19 21:05:02+00:00,91305623,1757660,76444
137,QapO3maXd9k,Donating $10000 To Pewdiepie,2018-12-16 21:05:02+00:00,44837506,1688000,51586
138,71VpdDb8e6U,"Last Youtuber To Leave Wins $100,000 - Challenge",2018-12-12 21:00:02+00:00,73805689,1878396,98289
139,Su34c5Z8DW4,I Put Millions Of Pennies In My Friends Backyard,2018-12-08 21:05:02+00:00,82304305,1643185,59101
140,e5DqdX-7_g4,Surprising TFue With A Fortnite Battle Bus In Real Life,2018-12-07 22:11:00+00:00,93617855,1774237,64557
141,9vB-48kHbBU,I Built A Giant House Using Only Legos,2018-12-02 20:05:01+00:00,58208339,986506,50775
142,3ix_gbcubTo,"Last To Leave Slime Pit Wins $20,000 - Challenge",2018-11-30 21:11:01+00:00,88576602,1708578,70941
143,mGIpOtncmSM,"Saying Pewdiepie 100,000 Times",2018-11-25 21:07:01+00:00,22403852,1520241,173865
144,VqnQ-0q2gb4,Destroyed Friend&#39;s House And Bought Him A New One,2018-11-24 21:06:01+00:00,39611591,1042435,70375
145,3TflpIllQHY,I Put 100 Million Orbeez In My Friend&#39;s Backyard,2018-11-22 21:08:01+00:00,162628277,4242632,138313
146,1SwVSTKFCsc,"Spending $40,000 In One Hour Challenge",2018-11-17 21:06:02+00:00,41656946,895613,56679
147,gKVZz4kcuns,"$10,000 Games Of Rock Paper Scissors",2018-11-04 21:05:02+00:00,17558652,497942,26080
148,nywT2SenPIo,"Last To Remove Hand, Gets Lamborghini Challenge",2018-11-02 20:05:01+00:00,71562808,1443109,75360
149,qZNxvnQv0h4,I Bought Every Billboard In My City For This,2018-10-26 21:06:02+00:00,36854486,1296555,111706
150,uE6gud1voDs,"Ordering Water Then Tipping $30,000",2018-10-23 20:11:02+00:00,40984271,1103939,47640
151,Gz3yak1cl-8,"Last To Leave Circle Wins $10,000 - Challenge",2018-10-12 22:05:04+00:00,78404377,1373643,60388
152,9GD6hbqu2oM,I Spent 24 Hours Straight In Slime,2018-10-09 20:05:02+00:00,38806721,878969,34274
153,GUWGsIVEMSQ,"Surprising Tfue With $10,000 Live - Fortnite",2018-10-04 20:07:01+00:00,66989206,1424795,47992
154,wDqJZ_2ZA3A,"I Spent $30,000 On Lottery Tickets And Won ____",2018-09-28 21:05:00+00:00,16718541,420495,22974
155,RywkkwO78m8,Flat Earth PROVEN By Independent Research,2018-09-22 20:05:01+00:00,25887365,754030,139965
156,P4qWhSZ7_WA,Things That SHOULDN&#39;T Be Sold On Amazon,2018-09-21 22:06:01+00:00,95132497,1498652,51353
157,UlUcwJc5nBs,"Surprising My 8,000,000th Subscriber With 8,000,000 ___",2018-09-19 20:05:01+00:00,26773736,476797,19026
158,qAW6CE7_bFM,"I Donated $25,000 To Random Kids Streaming Fortnite",2018-09-14 20:09:01+00:00,60138020,1234128,40792
159,q0OK-zHnvnA,Can A Glowing 1000 Degree Sword Slice A Car In Half?,2018-09-06 21:09:00+00:00,63395401,1037906,39131
160,bFZdU9dr4OM,Rocket League In Real Life!,2018-09-01 21:08:58+00:00,26956288,518044,16826
161,nd-bwvNB7YA,Destroying My Friend&#39;s Car And Surprising Him With A New One - Slime,2018-08-28 22:08:59+00:00,90370841,2037238,65746
162,6_im_hGxGRk,Spending 24 Hours Straight Under Water Challenge,2018-08-24 22:09:00+00:00,100932173,2644349,105235
163,b91vrgVY-ZQ,"Attempting The Impossible Maze - $10,000 Challenge",2018-08-15 21:08:59+00:00,51462296,969699,33066
164,52ubXjlVzUY,"Donating $100,000 To A Random Fortnite Streamer",2018-08-05 22:00:00+00:00,50208912,1064892,51728
165,XHb7g6yuGgE,Moving 10 Pounds Using ONLY Sound,2018-08-02 21:09:00+00:00,42668420,1167798,51302
166,rH1D_3G56DY,Returning Destroyed Rental Cars Prank,2018-07-27 21:09:00+00:00,32325222,535196,18138
167,-0zoWMSEOGg,"I Gave My 6,000,000th Subscriber 6,000,000 ____",2018-07-25 21:11:00+00:00,15740843,367370,33311
168,foLlul8Tl3E,"I Donated $50,000 To Ninja - Fortnite",2018-07-14 21:06:00+00:00,92405379,2068379,62586
169,qrIh-ZHN4-E,World&#39;s Hottest Substance Vs Coldest Substance,2018-06-30 21:09:00+00:00,81773406,1515428,54438
170,mpZWt5pGKZ8,The Real Way Dinosaurs Went Extinct,2018-06-28 21:12:01+00:00,25162472,694910,44256
171,XE9pUM9MEFA,I Built A Working Car Using Only LEGOS,2018-06-23 21:09:58+00:00,66499342,1520075,102361
172,wbzD04leeLI,Do Water Repellent Shoes Actually Work?,2018-06-22 22:11:00+00:00,102281358,1506771,64698
173,uBC7805Smsg,"I Gave $500,000 To Random People",2018-05-11 22:40:59+00:00,13475128,415763,31875
174,dFr5YQaQQdo,"I Gave $20,000 To People From An Ice Cream Truck",2018-05-02 22:11:00+00:00,14322013,340033,21811
175,d7QmQtNwhcU,"Can 1,000 Rolls Of Duct Tape Stop A Car??",2018-04-30 22:09:00+00:00,25492175,525860,25372
176,NZR4WEjpOQg,Winning A Game Of Fortnite In The Middle Of The Ocean,2018-04-25 22:09:02+00:00,29838996,759956,49334
177,Izmibu7dxcs,Destroying My Friend&#39;s Car And Surprising Him With A New One,2018-04-13 22:21:00+00:00,37260250,605991,36615
178,VwWV4JelEzY,Walking Into Random Stores With 100 Dinosaurs,2018-03-22 22:43:02+00:00,31152202,861256,45883
179,XKFKPQHdWRI,Breaking Glass Using Only Megaphones,2018-03-17 22:22:47+00:00,52112131,1377059,77938
180,sg_XFT4K3N4,"I Dropped $20,000 From A Drone",2018-03-08 00:13:02+00:00,7595125,245250,17777
181,Pe3pGsCeYXg,"Giving 3,000,000 Pennies To My 3,000,000th Subscriber",2018-02-22 23:14:03+00:00,8553067,231455,22770
182,op0N7axawJA,"I Gave $20,000 To Random Homeless People",2018-02-17 00:40:00+00:00,45433985,1275384,75525
183,l_huIWJBhJM,I Bought An Expensive Car Using Only $1 Bills,2018-02-13 23:10:01+00:00,35942275,1047704,36689
184,g2rbhIB-ITM,"I Donated $30,000 To A Random Twitch Streamer (world record)",2018-01-28 00:11:02+00:00,32315434,1049057,56979
185,sirrTXiPFmw,I Bought One Snickers Bar From Every Walmart,2018-01-13 23:15:01+00:00,42317098,1087570,73150
186,BMZP4CtphaU,Life Hacks You Need To Know,2017-12-08 22:49:10+00:00,7147161,198791,11166
187,yUXIx2l8kko,I Bought An Abandoned Storage Unit And Found This..,2017-12-01 23:44:58+00:00,34588986,615211,24035
188,5PCxQSMOl3o,i&#39;m really sorry,2017-10-26 21:30:00+00:00,5124865,186206,10198
189,uotb9ZHnI2g,"Tipping Pizza Delivery Guys $10,000",2017-08-23 21:44:24+00:00,21764984,682891,41559
190,_FX6rml2Yjs,"Saying Logan Paul 100,000 Times",2017-08-19 14:00:58+00:00,21274371,843610,111224
191,Lx9fRu5ehFo,We Are Better Than Dude Perfect,2017-06-24 18:40:12+00:00,24280295,618377,38524
192,ZJwX2jTXWwQ,Watching It&#39;s Everyday Bro For 10 Hours Straight,2017-06-17 21:06:02+00:00,26923361,793889,72135
193,N_GMakKf7G4,"Giving A Random Homeless Man $10,000",2017-06-15 23:10:02+00:00,10057427,501453,34063
194,63gyUQ_JeOE,Toothpaste Life Hacks YOU SHOULD KNOW,2017-06-13 22:30:01+00:00,19599965,505370,15998
195,8D3vI1615K4,Fidget Spinner Vs Face (Legit Had To Get Stitches),2017-05-02 23:30:00+00:00,34796797,1314214,79909
196,AS5CxLCWq-Q,Watching Dance Till You&#39;re Dead For 10 Hours,2017-03-21 22:40:12+00:00,47749027,2345394,1
197,rqUvnLPvbrM,Reacting To The Reaction Of The Reaction To The Reaction Of The Reaction Of The Reaction To The Reac,2017-02-22 00:00:04+00:00,6562526,312330,26027
198,9CVwXBYVqVk,"Counting To 200,000 (Road To A Mil)",2017-02-18 00:00:03+00:00,3474151,138834,19494
199,xWcldHxHFpo,"I Counted To 100,000!",2017-01-09 00:00:39+00:00,25847524,1240552,124380
200,Qy17S3g8ZuY,HOW TO UNLOCK ANY IPHONE WITHOUT THE PASSCODE,2016-12-21 02:00:00+00:00,22758584,584094,38451
201,KzwTYZ2W3ZA,Microwaving A Microwave,2016-12-09 02:45:18+00:00,10983988,422961,42587
202,XW1TsAVdXsw,BEST INTROS ON YOUTUBE #1,2016-06-01 20:42:11+00:00,23964870,714540,29215
203,hC3xW8xeCDs,Motivation For Youtubers #5,2016-05-15 21:00:01+00:00,114750,6292,526
204,9Ax56oRhcZc,Counting To 10000 In One Sitting,2016-02-01 00:27:55+00:00,45321547,619672,58217
205,xjJJ_wDlc1E,"Reacting To Family Accounts (MamaBeast, MrBeast&#39;sLaptop, Etc)",2015-12-22 22:30:23+00:00,897306,19584,2066
206,8a7d8pooQgw,Direct T.V. Commercial Parody!  (Free gameplay trailer),2015-11-08 02:36:45+00:00,183873,7068,298
207,syMozMiJneM,Why I Stopped Playing Video Games - Video Game Commentary,2015-10-25 21:20:24+00:00,37985,1185,174
208,2LIJtcI4dbg,Stupid Things People Search On Google,2015-09-25 22:57:49+00:00,1339982,72793,4351
209,miKQkeq5sbU,Knives In Video Games Cost More Than Real Life????,2015-09-18 23:57:02+00:00,34423,1351,208
210,ttLYXcza4j4,MrBeast’s Outro Song,2015-09-05 20:15:02+00:00,7687059,355218,19318
211,deK-My3Of0o,How Much Do T.V. Commercials Cost?????,2015-08-28 01:40:10+00:00,22347,758,118
212,9zFfp3gzZ88,I Hate Youtubers That Ask For Likes,2015-08-20 19:13:03+00:00,120727,7690,677
213,mM2KwBYa-u4,My Mom Found My Channel!! :0,2015-08-20 01:44:22+00:00,606165,22633,2245
214,4AigP5OY8JE,Time,2015-08-13 10:00:00+00:00,40447,1276,226
215,RMoFUeBVefA,Beast $500ish Youtube PC Great For Making Videos!,2015-08-12 10:00:00+00:00,41478,1003,166
216,ep7S1XnuQLU,"5,000 Hype",2015-08-11 10:00:00+00:00,78371,2143,485
217,lfD7kMZKuNg,Big Channel&#39;s Starting Over???,2015-08-05 10:00:02+00:00,22795,630,107
218,ejlkNGm82w4,SAT And Some Random Stuff,2015-08-04 22:14:13+00:00,18793,523,190
219,gYaxI_allkQ,Am I Ian From Smosh????,2015-08-02 19:09:03+00:00,401033,6997,451
220,ZQZzR0DUujc,"New Optic Gaming Gear Coming To Advanced Warfare, My Thoughts",2015-08-01 16:47:55+00:00,17014,463,133
221,oODUkNQAzXU,5$ To Advertise Your Youtube Channel???,2015-07-31 00:13:08+00:00,92484,2119,244
222,zsADECFHY8w,4k Subscriber&#39;s! First Channel Story!,2015-07-30 01:56:38+00:00,56494,2083,357
223,Feh8o-HmthM,People Who Got Rich From Movie Trailers On Youtube,2015-07-29 19:00:00+00:00,61259,1150,232
224,bEIK5ni_Pzs,How Many People Get The Diamond Play Button?????,2015-07-25 10:00:03+00:00,1721313,17066,2773
225,UEK0fYAqMss,My Solution For The Theft At The FaZe House - @FaZe_Rain @FaZeAdapt,2015-07-08 10:00:00+00:00,21648,517,102
226,v5J1Cycn3s8,How To Gain Youtube Success,2015-07-02 17:10:49+00:00,44275,1829,230
227,yyJ7xEcENNI,How Much Does Pewdiepie Make?,2015-06-28 22:41:05+00:00,89418,1700,165
228,X7doE4h6W64,Insane Gun Sync - 7 Hours To Make,2015-06-21 12:22:34+00:00,17898,713,123
229,QkXDatNdL4U,Free To Use Advanced Warfare Gameplay! 2015,2015-06-19 14:07:22+00:00,19131,486,94
230,zi7tZ-2PhLk,How Much Money Do You Make As An Uber Driver??????,2015-05-31 18:31:25+00:00,22613,450,78
231,AIytwdufwW8,MY MESSAGE TO COD YOUTUBERS (Watch till end plz),2015-05-29 20:07:48+00:00,22920,609,130
232,56OkH6ocYZU,L0114R - Biblical Creeper Post for Post @L0114R,2015-05-15 16:48:54+00:00,19808,486,148
233,w40Z8aT5fpQ,Why Do We Do Things That Are Bad For Us?????,2015-05-14 23:52:57+00:00,20382,790,107
234,qWnyJ55KBKo,Minimum Wage,2015-05-07 23:27:32+00:00,32526,882,136
235,yeHjsYQ076A,Remember When COD Was Fun?,2015-04-26 21:26:36+00:00,19068,647,167
236,NiqkH7qVW0U,100k Subs With No Videos????,2015-04-11 16:51:40+00:00,393843,7936,2851
237,kzIA4vKyhRQ,5 Steps To Becoming Successful On Youtube,2015-04-02 23:10:02+00:00,71003,3897,466
238,0VjLq-go1fg,How Much $$$ Does Every Member of FaZe Make COMBINED????? 2016,2015-03-05 02:07:01+00:00,84300,1286,318
239,MLN6TRB9Jxw,Who Are The Worst Youtubers?????,2015-03-01 12:00:00+00:00,120638,2562,328
240,vZrL_FFITgs,Subscriber Goals For 2016,2015-02-28 17:12:07+00:00,27574,807,437
241,udmf5MQLNGA,How Much Money Did Gangnam Style Earn??? 2016,2014-11-26 22:53:11+00:00,48587,1158,186
242,moMJjt5KECc,Money Problems,2014-08-20 17:40:18+00:00,122712,2990,319
243,bA20RJcegOI,1500,2014-08-08 18:58:18+00:00,142897,5163,1253
244,ZiuoOcj2eLY,In Dis Video I Play Minecraft. (Factions),2014-07-05 15:57:13+00:00,28230,916,166
245,LYK6SPMtJ_Y,Youtube Grind,2014-06-28 21:06:46+00:00,49429,1537,166
246,2ljWxaMvE_0,Hacker in Ghost???? I Couldn&#39;t Kill Him.,2014-06-22 00:27:19+00:00,19033,573,208
247,U_07AG_CR5A,Crazy Nub Tub Reactions! Bo2 Fun!,2014-06-13 22:44:22+00:00,18976,660,218
248,HuLAAXZXIy0,This Kid Should Quit COD....,2014-06-02 21:37:07+00:00,40492,891,156
249,x4IXCimma-s,5 Youtubers I Think Will Be Famous...,2014-05-31 21:06:55+00:00,131185,3765,684
250,anZbhN0Wh_4,How Much Does PewDiePie Make????? 2016,2014-05-24 19:33:12+00:00,184423,3600,315
251,G7Y9ban7b0U,How Much Money Does Tobuscus Make?????,2014-05-14 23:06:58+00:00,31401,762,182
252,dg6iqLCPizs,Motivation,2014-04-17 01:22:40+00:00,41642,1844,227
253,LMe7k8I082w,Should College Athletes Be Paid?????,2014-03-29 00:18:35+00:00,41027,1127,231
254,Kgu2ApayYvI,How Much Money Do I Make?????,2014-03-16 01:24:25+00:00,93163,3243,534
255,IQYW_lVBYGo,How Much Money Does KyR&#39;s Speedy&#39;s Crew Make?????,2014-03-02 18:14:47+00:00,62446,1334,262
256,TZPlDuYrcDQ,Minecraft Mansion Timelapse,2014-02-22 23:51:15+00:00,528771,17410,2307
257,2IGxSOfsBok,I Hate Pewdiepie!!!!!,2014-02-01 00:16:57+00:00,2717911,222586,15725
258,dPxAFqs2eYE,"Epic Ghost Multiplayer EasterEggs! (PrisonBreak, Sovereign, and Flooded)",2013-11-17 18:26:11+00:00,44294,1784,250
259,v3tbnlc5cfo,Battle Pirates!,2013-09-21 22:18:59+00:00,45358,1906,503
260,-hrPQFaDVKQ,Channel Update.,2013-08-16 20:34:58+00:00,81983,2682,335
261,bIZ5_L1ru2w,Funny Noob Tubing Reaction Montage!,2013-08-16 03:04:45+00:00,61425,2084,395
262,KL1X8NsVGd0,Top 10 Worst Guns in Call Of Duty History!,2013-07-25 21:36:56+00:00,103366,4312,524
263,X-g9aT2wFjM,Channel Trailer....,2013-07-06 18:17:45+00:00,131002,5715,646
264,ivdQqobHDPc,Story time!,2013-04-18 01:54:48+00:00,272073,11913,1361
265,uUIlb2rpIuY,Epic Minecraft city! (w/ download link!),2013-04-11 01:00:01+00:00,167406,5974,805
266,clcN3OA8SNw,Best Minecraft Castle Ever?,2013-01-27 01:52:40+00:00,186500,10340,1677
267,Y74b7WlcEpk,More birds IN MINECRAFT!!,2013-01-12 23:35:45+00:00,603316,25688,2768
